ticker,company_name,year_end,fiscal_year,filing_date,accession_number,total_assets,assets_current,cash,accounts_receivable_net,inventory_net,prepaid_expense_current,ppe_net,other_assets_noncurrent,liabilities_current,stockholders_equity,net_income,goodwill,intangibles_net,total_liabilities,assets_noncurrent,liabilities_noncurrent,marketable_securities
AVAV,AeroVironment Inc,2012-04-30,2012,2012-06-27,0001047469-12-006915,369151000,281769000.0,64220000.0,56417000.0,43539000.0,4030000.0,23515000.0,201000.0,63705000.0,299198000,30451000,,,,,,
AVAV,AeroVironment Inc,2013-04-30,2013,2013-06-26,0001047469-13-007199,363465000,263454000.0,75332000.0,19770000.0,62561000.0,4303000.0,24429000.0,1060000.0,42187000.0,315186000,10426000,,,,,,
AVAV,AeroVironment Inc,2014-04-30,2014,2014-07-09,0001047469-14-006076,384954000,306857000.0,126969000.0,31739000.0,50699000.0,4260000.0,19997000.0,874000.0,37735000.0,342467000,13718000,,,,,,
AVAV,AeroVironment Inc,2015-04-30,2015,2015-07-01,0001047469-15-005880,397467000,329032000.0,143410000.0,33607000.0,39414000.0,4599000.0,13499000.0,741000.0,46735000.0,348912000,2895000,,,,,,
AVAV,AeroVironment Inc,2016-04-30,2016,2016-06-29,0001558370-16-006514,410393000,349703000.0,124287000.0,56045000.0,37486000.0,4150000.0,16762000.0,750000.0,46345000.0,361260000,8966000,,,,,,
AVAV,AeroVironment Inc,2017-04-30,2017,2017-06-28,0001558370-17-004963,432500000,354085000.0,79904000.0,74361000.0,60076000.0,5653000.0,19220000.0,2010000.0,48063000.0,381954000,12457000,122000.0,,,,,
AVAV,AeroVironment Inc,2018-04-30,2018,2018-06-27,0001558370-18-005457,472911000,399147000.0,143517000.0,56813000.0,38640000.0,5103000.0,19219000.0,2721000.0,60497000.0,410117000,19852000,,,,,,
AVAV,AeroVironment Inc,2019-04-30,2019,2019-06-26,0001558370-19-005898,508844000,469588000.0,172708000.0,31051000.0,54056000.0,7418000.0,16905000.0,6280000.0,44866000.0,462571000,47419000,,,,,,
AVAV,AeroVironment Inc,2020-04-30,2020,2020-06-24,0001558370-20-007720,584954000,503927000.0,255142000.0,73660000.0,45535000.0,6246000.0,21694000.0,10605000.0,66953000.0,509901000,41070000,6340000.0,13637000.0,,,,
AVAV,AeroVironment Inc,2021-04-30,2021,2021-06-29,0001558370-21-008684,928566000,401638000.0,148741000.0,62647000.0,71646000.0,15001000.0,58896000.0,10440000.0,96185000.0,612093000,23345000,314205000.0,106268000.0,,,,
AVAV,AeroVironment Inc,2022-04-30,2022,2022-06-29,0001558370-22-010392,914200000,368909000.0,77231000.0,60170000.0,90629000.0,11527000.0,62296000.0,1932000.0,101391000.0,607969000,-4185000,334347000.0,97224000.0,,,,
AVAV,AeroVironment Inc,2023-04-30,2023,2023-06-28,0001558370-23-011469,824577000,477002000.0,132859000.0,87633000.0,138814000.0,12043000.0,39795000.0,5220000.0,121334000.0,550970000,-176167000,180801000.0,43577000.0,,,,
AVAV,AeroVironment Inc,2024-04-30,2024,2024-06-27,0001558370-24-009515,1015860000,515581000.0,73301000.0,70305000.0,150168000.0,22333000.0,46602000.0,13505000.0,144879000.0,822745000,59666000,275652000.0,72224000.0,,,,
AVAV,AeroVironment Inc,2025-04-30,2025,2025-06-25,0001558370-25-008838,1120567000,606516000.0,40862000.0,101967000.0,144090000.0,28966000.0,50704000.0,32889000.0,172161000.0,886507000,43619000,256781000.0,48711000.0,,,,
BAH,Booz Allen Hamilton Holding Corp,2012-03-31,2012,2012-05-30,0001193125-12-253723,3314791000,1657663000.0,484368000.0,1077315000.0,,,191079000.0,46421000.0,914446000.0,1185185000,239955000,1188004000.0,223834000.0,2129606000.0,,,
BAH,Booz Allen Hamilton Holding Corp,2013-03-31,2013,2013-05-23,0001443646-13-000010,3177528000,1424352000.0,350384000.0,1029586000.0,,,166570000.0,62985000.0,964646000.0,226793000,219058000,1277369000.0,236220000.0,2950735000.0,,,
BAH,Booz Allen Hamilton Holding Corp,2014-03-31,2014,2014-05-22,0001443646-14-000015,2940818000,1255977000.0,259994000.0,916737000.0,,49559000.0,129427000.0,60738000.0,917104000.0,171636000,232188000,1273789000.0,220887000.0,2769182000.0,,,
BAH,Booz Allen Hamilton Holding Corp,2015-03-31,2015,2015-05-21,0001443646-15-000018,2877493000,1163208000.0,207217000.0,857310000.0,,84142000.0,111367000.0,64547000.0,848994000.0,186498000,232569000,1304231000.0,219382000.0,2690995000.0,,,
BAH,Booz Allen Hamilton Holding Corp,2016-03-31,2016,2016-05-19,0001443646-16-000138,3010171000,1189771000.0,187529000.0,892289000.0,,109953000.0,130169000.0,85606000.0,939913000.0,408488000,294094000,1361913000.0,220658000.0,2601683000.0,,,
BAH,Booz Allen Hamilton Holding Corp,2017-03-31,2017,2017-05-22,0001443646-17-000050,3373105000,1294480000.0,217417000.0,991810000.0,,85253000.0,139167000.0,85563000.0,1101401000.0,573591000,252490000,1571190000.0,271880000.0,2799514000.0,,,
BAH,Booz Allen Hamilton Holding Corp,2018-03-31,2018,2018-05-29,0001443646-18-000100,3603366000,1488719000.0,286958000.0,1130452000.0,,71309000.0,169896000.0,102633000.0,1036166000.0,554628000,305111000,1581146000.0,260972000.0,3048738000.0,,,
BAH,Booz Allen Hamilton Holding Corp,2019-03-31,2019,2019-05-28,0001443646-19-000093,3831841000,1699340000.0,283990000.0,1330364000.0,,84986000.0,172453000.0,91837000.0,1179239000.0,675366000,418529000,1581160000.0,287051000.0,3156475000.0,,,
BAH,Booz Allen Hamilton Holding Corp,2020-03-31,2020,2020-05-26,0001443646-20-000086,4793966000,2328188000.0,741901000.0,1459471000.0,,126816000.0,208077000.0,135432000.0,1327678000.0,856356000,482603000,1581160000.0,300987000.0,3937610000.0,,,
BAH,Booz Allen Hamilton Holding Corp,2021-03-31,2021,2021-05-21,0001443646-21-000079,5499601000,2636172000.0,990955000.0,1411894000.0,,233323000.0,204642000.0,531125000.0,1291105000.0,1071176000,608958000,1581160000.0,307128000.0,4428425000.0,,,
BAH,Booz Allen Hamilton Holding Corp,2022-03-31,2022,2022-05-20,0001443646-22-000058,6025575000,2445676000.0,695910000.0,1622989000.0,,126777000.0,202229000.0,481826000.0,1533954000.0,1046070000,466740000,2021931000.0,646682000.0,4978854000.0,,,
BAH,Booz Allen Hamilton Holding Corp,2023-03-31,2023,2023-05-26,0001443646-23-000089,6550652000,2288058000.0,404862000.0,1774830000.0,,108366000.0,195186000.0,281816000.0,1897054000.0,992002000,271791000,2338399000.0,685615000.0,5558650000.0,,,
BAH,Booz Allen Hamilton Holding Corp,2024-03-31,2024,2024-05-24,0001443646-24-000075,6563688000,2738909000.0,554257000.0,2047342000.0,,137310000.0,188279000.0,290152000.0,1692190000.0,1046562000,605706000,2343789000.0,601043000.0,5517126000.0,,,
BAH,Booz Allen Hamilton Holding Corp,2025-03-31,2025,2025-05-23,0001443646-25-000076,7312000000,3313000000.0,885000000.0,2271000000.0,,157000000.0,177000000.0,344000000.0,1846000000.0,1003000000,935000000,2405000000.0,563000000.0,6309000000.0,,,
CACI,CACI INTERNATIONAL INC /DE/,2011-06-30,2011,2011-08-29,0001193125-11-234902,2320131000,782078000.0,164817000.0,573042000.0,,28139000.0,62755000.0,25374000.0,437221000.0,1309616000,144218000,1266285000.0,108102000.0,1010515000.0,1538053000.0,,
CACI,CACI INTERNATIONAL INC /DE/,2012-06-30,2012,2012-08-28,0001193125-12-371503,2392876000,685792000.0,15740000.0,628842000.0,,24463000.0,67449000.0,30553000.0,484929000.0,1161995000,167454000,1406953000.0,114816000.0,1228431000.0,1707084000.0,,
CACI,CACI INTERNATIONAL INC /DE/,2013-06-30,2013,2013-08-27,0001193125-13-348088,2501265000,727975000.0,64337000.0,614616000.0,,25875000.0,65510000.0,31878000.0,742494000.0,1204903000,151689000,1476965000.0,104188000.0,1293693000.0,1773290000.0,,
CACI,CACI INTERNATIONAL INC /DE/,2014-06-30,2014,2014-08-28,0001193125-14-325463,3359138000,735849000.0,64461000.0,615580000.0,,33114000.0,68485000.0,38646000.0,422587000.0,1356883000,135316000,2188569000.0,230410000.0,1999972000.0,2623289000.0,,
CACI,CACI INTERNATIONAL INC /DE/,2015-06-30,2015,2015-08-21,0001564590-15-007527,3257116000,676460000.0,35364000.0,596155000.0,,34591000.0,63689000.0,34769000.0,399681000.0,1480137000,126195000,2189816000.0,195182000.0,1776844000.0,2580656000.0,,
CACI,CACI INTERNATIONAL INC /DE/,2016-06-30,2016,2016-08-24,0001564590-16-024672,3987341000,921838000.0,49082000.0,803817000.0,,68939000.0,81362000.0,25159000.0,565176000.0,1607178000,142799000,2585343000.0,275372000.0,2380028000.0,3065503000.0,,
CACI,CACI INTERNATIONAL INC /DE/,2017-06-30,2017,2017-08-21,0001564590-17-017873,3911082000,879902000.0,65539000.0,757341000.0,,57022000.0,91749000.0,27372000.0,526744000.0,1793586000,163671000,2577435000.0,,2117361000.0,3031180000.0,,
CACI,CACI INTERNATIONAL INC /DE/,2018-06-30,2018,2018-08-20,0001564590-18-022021,4034206000,931191000.0,66194000.0,806871000.0,,58126000.0,101140000.0,39175000.0,538981000.0,2106752000,301171000,2620835000.0,,1927319000.0,3103015000.0,,
CACI,CACI INTERNATIONAL INC /DE/,2019-09-30,2019,2019-08-21,0001564590-19-032721,5086843000,1031520000.0,72028000.0,869840000.0,47200000.0,89652000.0,149676000.0,33336000.0,691722000.0,2371331000,265604000,3336079000.0,,2715377000.0,4055323000.0,,
CACI,CACI INTERNATIONAL INC /DE/,2020-06-30,2020,2020-08-14,0001564590-20-040205,5542472000,1085886000.0,107236000.0,841227000.0,65167000.0,137423000.0,170521000.0,35319000.0,769159000.0,2661175000,321480000,3407110000.0,,2881162000.0,4456586000.0,,
CACI,CACI INTERNATIONAL INC /DE/,2021-06-30,2021,2021-08-17,0001564590-21-044839,6172372000,1331176000.0,88031000.0,879851000.0,79696000.0,363294000.0,190444000.0,70038000.0,884801000.0,2665143000,457443000,3632578000.0,,3507094000.0,4841196000.0,,
CACI,CACI INTERNATIONAL INC /DE/,2022-06-30,2022,2022-08-11,0001564590-22-029077,6629431000,1209638000.0,114804000.0,926144000.0,99362000.0,168690000.0,205622000.0,150823000.0,1027361000.0,3053408000,366794000,4058291000.0,,3575888000.0,5419793000.0,,
CACI,CACI INTERNATIONAL INC /DE/,2023-06-30,2023,2023-08-10,0000016058-23-000086,6600808000,1210037000.0,115776000.0,894946000.0,130591000.0,199315000.0,199519000.0,177127000.0,993971000.0,3224199000,384735000,4084705000.0,,3376474000.0,5390771000.0,,
CACI,CACI INTERNATIONAL INC /DE/,2024-06-30,2024,2024-08-08,0000016058-24-000132,6796101000,1374529000.0,133961000.0,1031311000.0,118439000.0,209257000.0,195443000.0,178644000.0,1078260000.0,3518072000,419924000,4154844000.0,,3277894000.0,5421572000.0,,
CACI,CACI INTERNATIONAL INC /DE/,2025-06-30,2025,2025-08-07,0001628280-25-038739,8647598000,1779945000.0,106181000.0,1405441000.0,129129000.0,268323000.0,212035000.0,82875000.0,1208106000.0,3893945000,499830000,5021805000.0,,4753653000.0,,,
CW,CURTISS WRIGHT CORP,2010-12-31,2010,2011-02-25,0000930413-11-001217,2242018000,900027000.0,68119000.0,,281103000.0,,397280000.0,9909000.0,427939000.0,1160103000,106598000,693572000.0,240197000.0,1081915000.0,,,
CW,CURTISS WRIGHT CORP,2011-12-31,2011,2012-02-24,0000930413-12-001077,2652837000,1167134000.0,194387000.0,,320633000.0,,443555000.0,9121000.0,505384000.0,1229039000,130423000,759442000.0,261448000.0,1423798000.0,,,
CW,CURTISS WRIGHT CORP,2012-12-31,2012,2013-02-21,0000930413-13-000998,3114588000,1175761000.0,112023000.0,,397471000.0,,489593000.0,15204000.0,639748000.0,1312592000,113844000,1013300000.0,419021000.0,1801996000.0,,,
CW,CURTISS WRIGHT CORP,2013-12-31,2013,2014-02-21,0000026324-14-000004,3458274000,1337283000.0,175294000.0,,452087000.0,,515718000.0,23465000.0,534593000.0,1552705000,137981000,1110429000.0,471379000.0,1905569000.0,,,
CW,CURTISS WRIGHT CORP,2014-12-31,2014,2015-02-19,0000026324-15-000004,3399511000,1571075000.0,450116000.0,,388670000.0,,458919000.0,21784000.0,571993000.0,1478433000,113338000,998506000.0,349227000.0,1921078000.0,,,
CW,CURTISS WRIGHT CORP,2015-12-31,2015,2016-02-25,0000026324-16-000040,3029378000,1316620000.0,288697000.0,,379591000.0,,413644000.0,15745000.0,525187000.0,1255423000,145461000,972606000.0,310763000.0,1773955000.0,,,
CW,CURTISS WRIGHT CORP,2016-12-31,2016,2017-02-21,0000026324-17-000003,3037781000,1414811000.0,553848000.0,,366974000.0,,388903000.0,11549000.0,675262000.0,1291191000,187329000,951057000.0,271461000.0,1746590000.0,,,
CW,CURTISS WRIGHT CORP,2017-12-31,2017,2018-02-22,0000026324-18-000003,3236321000,1401860000.0,475120000.0,,378866000.0,,390235000.0,18229000.0,590997000.0,1527800000,214891000,1096329000.0,329668000.0,1708521000.0,,,
CW,CURTISS WRIGHT CORP,2018-12-31,2018,2019-02-27,0000026324-19-000003,3255385000,1343966000.0,276066000.0,,423426000.0,,374660000.0,19160000.0,687328000.0,1530781000,275749000,1088032000.0,429567000.0,1724604000.0,,,
CW,CURTISS WRIGHT CORP,2019-12-31,2019,2020-02-27,0000026324-20-000004,3764261000,1529791000.0,391033000.0,,424835000.0,,385593000.0,36800000.0,744731000.0,1774372000,307583000,1166680000.0,479907000.0,1989889000.0,,,
CW,CURTISS WRIGHT CORP,2020-12-31,2020,2021-02-25,0000026324-21-000007,4021334000,1300824000.0,198248000.0,,428879000.0,,378200000.0,34114000.0,810377000.0,1787574000,201392000,1455137000.0,609630000.0,2233760000.0,,,
CW,CURTISS WRIGHT CORP,2021-12-31,2021,2022-02-24,0000026324-22-000004,4103545000,1307808000.0,171004000.0,,411567000.0,,360031000.0,34568000.0,734867000.0,1826490000,267159000,1463026000.0,538077000.0,2277055000.0,,,
CW,CURTISS WRIGHT CORP,2022-12-31,2022,2023-02-22,0000026324-23-000005,4449602000,1517313000.0,,,483113000.0,,342708000.0,47567000.0,971439000.0,1992119000,294348000,1544635000.0,620897000.0,2457483000.0,,,
CW,CURTISS WRIGHT CORP,2023-12-31,2023,2024-02-20,0000026324-24-000004,4620969000,1717080000.0,,,510033000.0,,332796000.0,51351000.0,806544000.0,2328413000,354509000,1558826000.0,557612000.0,2292556000.0,,,
CW,CURTISS WRIGHT CORP,2024-12-31,2024,2025-02-13,0000026324-25-000015,4985704000,1849594000.0,,,541442000.0,,339118000.0,55963000.0,1095948000.0,2449799000,404978000,1675718000.0,596831000.0,2535905000.0,,,
GD,GENERAL DYNAMICS CORP,2009-12-31,2009,2010-02-19,0001193125-10-034883,31077000000,13249000000.0,2263000000.0,3678000000.0,2126000000.0,,2912000000.0,549000000.0,10371000000.0,12423000000,2394000000,12269000000.0,2098000000.0,,17828000000.0,8283000000.0,
GD,GENERAL DYNAMICS CORP,2010-12-31,2010,2011-02-18,0001193125-11-039769,32545000000,14186000000.0,2613000000.0,3848000000.0,2158000000.0,,2971000000.0,747000000.0,11177000000.0,13316000000,2624000000,12649000000.0,,,18359000000.0,8052000000.0,
GD,GENERAL DYNAMICS CORP,2011-12-31,2011,2012-02-17,0001193125-12-066385,34883000000,15368000000.0,2649000000.0,4452000000.0,2310000000.0,,3284000000.0,842000000.0,11145000000.0,13232000000,2526000000,13576000000.0,,,19515000000.0,10506000000.0,
GD,GENERAL DYNAMICS CORP,2012-12-31,2012,2013-02-08,0000040533-13-000005,34309000000,15744000000.0,3296000000.0,4204000000.0,2776000000.0,,3403000000.0,1731000000.0,11620000000.0,11390000000,-332000000,12048000000.0,,,18565000000.0,11299000000.0,
GD,GENERAL DYNAMICS CORP,2013-12-31,2013,2014-02-07,0000040533-14-000002,35448000000,17886000000.0,5301000000.0,4402000000.0,2968000000.0,,3415000000.0,953000000.0,12194000000.0,14501000000,2357000000,11977000000.0,,,17562000000.0,8753000000.0,
GD,GENERAL DYNAMICS CORP,2014-12-31,2014,2015-02-09,0000040533-15-000009,35355000000,17407000000.0,4388000000.0,4050000000.0,3221000000.0,,3329000000.0,1976000000.0,13751000000.0,11829000000,2533000000,11731000000.0,,,17948000000.0,9775000000.0,
GD,GENERAL DYNAMICS CORP,2015-12-31,2015,2016-02-08,0000040533-16-000056,31997000000,14571000000.0,2785000000.0,3446000000.0,3366000000.0,,3466000000.0,1754000000.0,12445000000.0,10738000000,2965000000,11443000000.0,,,17426000000.0,8814000000.0,
GD,GENERAL DYNAMICS CORP,2016-12-31,2016,2017-02-06,0000040533-17-000006,32872000000,15447000000.0,2334000000.0,3611000000.0,3523000000.0,,3467000000.0,1835000000.0,12846000000.0,10976000000,2955000000,11445000000.0,,,17425000000.0,9050000000.0,
GD,GENERAL DYNAMICS CORP,2017-12-31,2017,2018-02-12,0000040533-18-000008,35046000000,18328000000.0,2983000000.0,3617000000.0,5303000000.0,,3517000000.0,585000000.0,13099000000.0,11435000000,2912000000,11914000000.0,,,16718000000.0,10512000000.0,
GD,GENERAL DYNAMICS CORP,2018-12-31,2018,2019-02-13,0000040533-19-000010,45408000000,18189000000.0,963000000.0,3759000000.0,5977000000.0,,4348000000.0,692000000.0,14739000000.0,11732000000,3345000000,19594000000.0,,,27219000000.0,18937000000.0,202000000.0
GD,GENERAL DYNAMICS CORP,2019-12-31,2019,2020-02-10,0000040533-20-000015,48841000000,19780000000.0,902000000.0,3544000000.0,6306000000.0,,4475000000.0,2594000000.0,16801000000.0,13577000000,3484000000,19677000000.0,,,29061000000.0,18463000000.0,207000000.0
GD,GENERAL DYNAMICS CORP,2020-12-31,2020,2021-02-09,0000040533-21-000010,51308000000,21543000000.0,2824000000.0,3161000000.0,5745000000.0,,5100000000.0,2495000000.0,15964000000.0,15661000000,3167000000,20053000000.0,,,29765000000.0,19683000000.0,211000000.0
GD,GENERAL DYNAMICS CORP,2021-12-31,2021,2022-02-09,0000040533-22-000007,50073000000,19987000000.0,1603000000.0,3041000000.0,5340000000.0,,5417000000.0,2593000000.0,13978000000.0,17641000000,3257000000,20098000000.0,,,30086000000.0,18454000000.0,191000000.0
GD,GENERAL DYNAMICS CORP,2022-12-31,2022,2023-02-07,0000040533-23-000014,51585000000,21063000000.0,1242000000.0,3008000000.0,6322000000.0,,5900000000.0,2464000000.0,15341000000.0,18568000000,3390000000,20334000000.0,,,30522000000.0,17676000000.0,162000000.0
GD,GENERAL DYNAMICS CORP,2023-12-31,2023,2024-02-08,0000040533-24-000007,54810000000,23615000000.0,1913000000.0,3004000000.0,8578000000.0,,6198000000.0,2755000000.0,16432000000.0,21299000000,3315000000,20586000000.0,,,31195000000.0,17079000000.0,191000000.0
GD,GENERAL DYNAMICS CORP,2024-12-31,2024,2025-02-07,0000040533-25-000008,55880000000,24386000000.0,1697000000.0,2977000000.0,9724000000.0,,6467000000.0,2951000000.0,17824000000.0,22063000000,3782000000,20556000000.0,,,31494000000.0,15993000000.0,218000000.0
HII,"HUNTINGTON INGALLS INDUSTRIES, INC.",2011-12-31,2011,2012-03-29,0001193125-12-138529,6001000000,2268000000.0,915000000.0,711000000.0,,30000000.0,2033000000.0,49000000.0,1372000000.0,872000000,-94000000,844000000.0,,5129000000.0,,,
HII,"HUNTINGTON INGALLS INDUSTRIES, INC.",2012-12-31,2012,2013-02-27,0001501585-13-000003,6392000000,2484000000.0,1057000000.0,905000000.0,,21000000.0,2034000000.0,1874000000.0,1384000000.0,667000000,146000000,881000000.0,,5725000000.0,,,
HII,"HUNTINGTON INGALLS INDUSTRIES, INC.",2013-12-31,2013,2014-02-27,0001501585-14-000005,6225000000,2676000000.0,1043000000.0,1123000000.0,,29000000.0,1897000000.0,1652000000.0,1392000000.0,1521000000,261000000,881000000.0,,4704000000.0,,,
HII,"HUNTINGTON INGALLS INDUSTRIES, INC.",2014-12-31,2014,2015-02-19,0001501585-15-000005,6269000000,2546000000.0,990000000.0,1038000000.0,,50000000.0,1792000000.0,1931000000.0,1312000000.0,1365000000,338000000,1026000000.0,,4904000000.0,,,
HII,"HUNTINGTON INGALLS INDUSTRIES, INC.",2015-12-31,2015,2016-02-18,0001501585-16-000038,6024000000,2284000000.0,894000000.0,1074000000.0,,31000000.0,1827000000.0,1913000000.0,1274000000.0,1490000000,404000000,956000000.0,,4534000000.0,,,
HII,"HUNTINGTON INGALLS INDUSTRIES, INC.",2016-12-31,2016,2017-02-16,0001501585-17-000005,6352000000,2142000000.0,720000000.0,1164000000.0,,48000000.0,1986000000.0,2224000000.0,1343000000.0,1653000000,573000000,1234000000.0,,4699000000.0,,,
HII,"HUNTINGTON INGALLS INDUSTRIES, INC.",2017-12-31,2017,2018-02-15,0001501585-18-000006,6374000000,2195000000.0,701000000.0,1188000000.0,,123000000.0,2215000000.0,1964000000.0,1391000000.0,1758000000,479000000,1217000000.0,,4616000000.0,,,
HII,"HUNTINGTON INGALLS INDUSTRIES, INC.",2018-12-31,2018,2019-02-14,0001501585-19-000005,6383000000,1745000000.0,240000000.0,252000000.0,,122000000.0,2517000000.0,2121000000.0,1829000000.0,1516000000,836000000,1263000000.0,,4867000000.0,,,
HII,"HUNTINGTON INGALLS INDUSTRIES, INC.",2019-12-31,2019,2020-02-13,0001501585-20-000011,7031000000,1785000000.0,75000000.0,318000000.0,,24000000.0,2832000000.0,2414000000.0,1890000000.0,1588000000,549000000,1373000000.0,,5443000000.0,,,
HII,"HUNTINGTON INGALLS INDUSTRIES, INC.",2020-12-31,2020,2021-02-11,0001501585-21-000008,8157000000,2444000000.0,512000000.0,397000000.0,,45000000.0,2978000000.0,2735000000.0,2226000000.0,1901000000,696000000,1617000000.0,,6256000000.0,,,
HII,"HUNTINGTON INGALLS INDUSTRIES, INC.",2021-12-31,2021,2022-02-10,0001501585-22-000007,10627000000,2790000000.0,627000000.0,433000000.0,,50000000.0,3107000000.0,4730000000.0,2427000000.0,2808000000,544000000,2628000000.0,,7819000000.0,,,
HII,"HUNTINGTON INGALLS INDUSTRIES, INC.",2022-12-31,2022,2023-02-09,0001501585-23-000010,10857000000,2746000000.0,,636000000.0,,50000000.0,3198000000.0,4913000000.0,2895000000.0,3489000000,579000000,2618000000.0,,7368000000.0,,,
HII,"HUNTINGTON INGALLS INDUSTRIES, INC.",2023-12-31,2023,2024-02-01,0001501585-24-000007,11215000000,2880000000.0,,461000000.0,,83000000.0,3296000000.0,5039000000.0,3032000000.0,4093000000,681000000,2618000000.0,,7122000000.0,,,
HII,"HUNTINGTON INGALLS INDUSTRIES, INC.",2024-12-31,2024,2025-02-06,0001501585-25-000006,12141000000,3228000000.0,,212000000.0,,90000000.0,3450000000.0,5463000000.0,2991000000.0,4666000000,550000000,2618000000.0,,7475000000.0,,,
KTOS,"KRATOS DEFENSE & SECURITY SOLUTIONS, INC.",2011-12-25,2011,2012-03-07,0001047469-12-002229,1216400000,421000000.0,69800000.0,250600000.0,80600000.0,,73000000.0,24300000.0,213800000.0,312600000,-24200000,573500000.0,124600000.0,903800000.0,,,
KTOS,"KRATOS DEFENSE & SECURITY SOLUTIONS, INC.",2012-12-30,2012,2013-03-12,0001069258-13-000007,1284000000,455400000.0,49000000.0,271900000.0,94400000.0,,85600000.0,39600000.0,279000000.0,324100000,-114400000,596500000.0,106100000.0,959900000.0,,,
KTOS,"KRATOS DEFENSE & SECURITY SOLUTIONS, INC.",2013-12-29,2013,2014-03-12,0001069258-14-000011,1216600000,430300000.0,55700000.0,265800000.0,75300000.0,,84800000.0,35200000.0,251000000.0,295800000,-37200000,596400000.0,69900000.0,920800000.0,,,
KTOS,"KRATOS DEFENSE & SECURITY SOLUTIONS, INC.",2014-12-28,2014,2015-03-13,0001069258-15-000009,1138800000,374900000.0,34700000.0,248200000.0,68900000.0,,82600000.0,32600000.0,226100000.0,224300000,-78000000,596400000.0,52300000.0,914500000.0,,,
KTOS,"KRATOS DEFENSE & SECURITY SOLUTIONS, INC.",2015-12-27,2015,2016-03-11,0001069258-16-000059,903300000,320400000.0,28500000.0,206800000.0,56300000.0,,56200000.0,6800000.0,172400000.0,254200000,19800000,483400000.0,36500000.0,649100000.0,,,
KTOS,"KRATOS DEFENSE & SECURITY SOLUTIONS, INC.",2016-12-25,2016,2017-02-27,0001069258-17-000009,948600000,373100000.0,69100000.0,229400000.0,57200000.0,,49800000.0,7700000.0,196500000.0,276400000,-60500000,485400000.0,32600000.0,672200000.0,,,
KTOS,"KRATOS DEFENSE & SECURITY SOLUTIONS, INC.",2017-12-31,2017,2018-02-28,0001069258-18-000006,1024000000,471300000.0,129600000.0,268400000.0,51000000.0,,61200000.0,8300000.0,188900000.0,511500000,-42700000,461200000.0,22000000.0,512500000.0,,,
KTOS,"KRATOS DEFENSE & SECURITY SOLUTIONS, INC.",2018-12-30,2018,2019-02-28,0001628280-19-002271,1010100000,494700000.0,182700000.0,64600000.0,46800000.0,,67100000.0,6500000.0,164700000.0,519300000,-3500000,425700000.0,16100000.0,490800000.0,,,
KTOS,"KRATOS DEFENSE & SECURITY SOLUTIONS, INC.",2019-12-29,2019,2020-02-24,0001069258-20-000006,1186000000,522200000.0,172600000.0,85000000.0,,,116900000.0,9700000.0,182700000.0,574100000,12500000,455600000.0,39500000.0,596900000.0,,,
KTOS,"KRATOS DEFENSE & SECURITY SOLUTIONS, INC.",2020-12-27,2020,2021-02-25,0001069258-21-000009,1562800000,764800000.0,380800000.0,95300000.0,,,,84400000.0,197600000.0,925300000,79600000,483900000.0,43000000.0,622700000.0,,,
KTOS,"KRATOS DEFENSE & SECURITY SOLUTIONS, INC.",2021-12-26,2021,2022-02-22,0001069258-22-000014,1589500000,758100000.0,349400000.0,93900000.0,,,,87500000.0,221100000.0,945100000,-2000000,493900000.0,43200000.0,629200000.0,,,
KTOS,"KRATOS DEFENSE & SECURITY SOLUTIONS, INC.",2022-12-25,2022,2023-02-23,0001069258-23-000008,1551500000,582600000.0,81300000.0,105700000.0,,,,95000000.0,234200000.0,936300000,-36900000,558200000.0,55200000.0,604000000.0,,,
KTOS,"KRATOS DEFENSE & SECURITY SOLUTIONS, INC.",2023-12-31,2023,2024-02-13,0001069258-24-000007,1632500000,594200000.0,72800000.0,128800000.0,,,,117500000.0,292500000.0,976000000,-8900000,569100000.0,62400000.0,634000000.0,,,
KTOS,"KRATOS DEFENSE & SECURITY SOLUTIONS, INC.",2024-12-29,2024,2025-02-26,0001069258-25-000008,1950900000,872100000.0,329300000.0,117500000.0,,,,130300000.0,296700000.0,1353200000,16300000,568900000.0,53800000.0,597700000.0,,,
LDOS,"Leidos Holdings, Inc.",2011-01-31,2011,2011-03-25,0001193125-11-078283,6223000000,3849000000.0,1367000000.0,,116000000.0,,362000000.0,71000000.0,1748000000.0,2491000000,618000000,1678000000.0,211000000.0,,,,
LDOS,"Leidos Holdings, Inc.",2012-01-31,2012,2012-03-27,0001193125-12-133697,6667000000,4205000000.0,1592000000.0,,168000000.0,,348000000.0,75000000.0,3025000000.0,2181000000,59000000,1826000000.0,176000000.0,,,,
LDOS,"Leidos Holdings, Inc.",2013-01-31,2013,2013-03-27,0001193125-13-127240,5875000000,3079000000.0,736000000.0,,192000000.0,,318000000.0,79000000.0,1793000000.0,2618000000,525000000,2195000000.0,190000000.0,,,,
LDOS,"Leidos Holdings, Inc.",2014-01-31,2014,2014-03-27,0001336920-14-000007,4162000000,1794000000.0,430000000.0,,59000000.0,,483000000.0,72000000.0,1009000000.0,1595000000,164000000,1704000000.0,94000000.0,,,,
LDOS,"Leidos Holdings, Inc.",2015-01-30,2015,2015-03-25,0001336920-15-000010,3281000000,1618000000.0,443000000.0,896000000.0,70000000.0,273000000.0,308000000.0,97000000.0,951000000.0,998000000,-323000000,1207000000.0,37000000.0,,,,
LDOS,"Leidos Holdings, Inc.",2016-12-30,2017,2017-02-24,0001336920-17-000014,9132000000,2381000000.0,376000000.0,1657000000.0,67000000.0,348000000.0,259000000.0,265000000.0,2016000000.0,3135000000,244000000,4622000000.0,1589000000.0,,,,
LDOS,"Leidos Holdings, Inc.",2017-12-29,2018,2018-02-23,0001336920-18-000008,8990000000,2674000000.0,390000000.0,1831000000.0,76000000.0,453000000.0,232000000.0,254000000.0,2202000000.0,3370000000,366000000,4974000000.0,856000000.0,,,,
LDOS,"Leidos Holdings, Inc.",2018-12-28,2019,2019-02-19,0001336920-19-000004,8770000000,2839000000.0,327000000.0,1877000000.0,,,237000000.0,182000000.0,2059000000.0,3308000000,581000000,4860000000.0,652000000.0,,,,
LDOS,"Leidos Holdings, Inc.",2020-01-03,2020,2020-02-18,0001336920-20-000023,9367000000,2812000000.0,668000000.0,1734000000.0,,,,426000000.0,2333000000.0,3413000000,667000000,4912000000.0,530000000.0,,,,
LDOS,"Leidos Holdings, Inc.",2021-01-01,2021,2021-02-23,0001336920-21-000010,12511000000,3339000000.0,524000000.0,2137000000.0,276000000.0,,,458000000.0,2907000000.0,3862000000,628000000,6313000000.0,1216000000.0,,,,
LDOS,"Leidos Holdings, Inc.",2021-12-31,2022,2022-02-15,0001336920-22-000007,13261000000,3619000000.0,727000000.0,2189000000.0,274000000.0,,,439000000.0,3229000000.0,4291000000,753000000,6744000000.0,1177000000.0,8917000000.0,,,
LDOS,"Leidos Holdings, Inc.",2022-12-30,2023,2023-02-14,0001336920-23-000015,13071000000,3643000000.0,516000000.0,2350000000.0,287000000.0,,,388000000.0,3947000000.0,4299000000,685000000,6696000000.0,952000000.0,8718000000.0,,,
LDOS,"Leidos Holdings, Inc.",2023-12-29,2024,2024-02-13,0001336920-24-000008,12695000000,4005000000.0,777000000.0,2429000000.0,310000000.0,,,438000000.0,2990000000.0,4201000000,199000000,6112000000.0,667000000.0,8437000000.0,,,
LDOS,"Leidos Holdings, Inc.",2025-01-03,2025,2025-02-11,0001336920-25-000006,13104000000,4428000000.0,943000000.0,2645000000.0,315000000.0,,,524000000.0,3654000000.0,4412000000,1254000000,6084000000.0,517000000.0,8644000000.0,,,
LHX,"L3HARRIS TECHNOLOGIES, INC. /DE/",2010-07-02,2011,2010-08-30,0000950123-10-082207,4734700000,1995700000.0,455200000.0,,615300000.0,,609700000.0,147600000.0,1042900000.0,2189600000,561600000,1576200000.0,297800000.0,,2739000000.0,1501700000.0,
LHX,"L3HARRIS TECHNOLOGIES, INC. /DE/",2011-07-01,2012,2011-08-29,0000950123-11-081041,6172800000,2216800000.0,366900000.0,,720800000.0,,872800000.0,193700000.0,1430500000.0,2502000000,588000000,2381400000.0,502400000.0,,3956000000.0,2230300000.0,
LHX,"L3HARRIS TECHNOLOGIES, INC. /DE/",2012-06-29,2013,2012-08-27,0001193125-12-369967,5592800000,2600400000.0,356000000.0,,617800000.0,,659400000.0,135700000.0,1414400000.0,1938900000,30600000,1695300000.0,421700000.0,,2992400000.0,2232300000.0,
LHX,"L3HARRIS TECHNOLOGIES, INC. /DE/",2013-06-28,2014,2013-08-26,0001193125-13-346761,4858400000,1948100000.0,321000000.0,,668700000.0,,653200000.0,132200000.0,1297400000.0,1561300000,113000000,1692000000.0,308100000.0,,2910300000.0,1999800000.0,
LHX,"L3HARRIS TECHNOLOGIES, INC. /DE/",2014-06-27,2015,2014-08-25,0001193125-14-320240,4931200000,1991300000.0,561000000.0,,618700000.0,,728100000.0,155800000.0,1114600000.0,1826000000,534800000,1711200000.0,257500000.0,,2939900000.0,1991200000.0,
LHX,"L3HARRIS TECHNOLOGIES, INC. /DE/",2015-07-03,2016,2015-08-31,0001193125-15-308363,13129000000,3524000000.0,481000000.0,,1015000000.0,,1165000000.0,154000000.0,2281000000.0,3397000000,334000000,6348000000.0,1775000000.0,,9605000000.0,7446000000.0,
LHX,"L3HARRIS TECHNOLOGIES, INC. /DE/",2016-07-01,2017,2016-08-29,0000202058-16-000022,11996000000,2608000000.0,487000000.0,,964000000.0,,1015000000.0,258000000.0,1964000000.0,3056000000,324000000,5975000000.0,1542000000.0,,9388000000.0,6975000000.0,
LHX,"L3HARRIS TECHNOLOGIES, INC. /DE/",2017-06-30,2018,2017-08-29,0000202058-17-000037,10090000000,2073000000.0,484000000.0,,841000000.0,,904000000.0,234000000.0,1926000000.0,2928000000,553000000,5366000000.0,1104000000.0,,8017000000.0,5236000000.0,
LHX,"L3HARRIS TECHNOLOGIES, INC. /DE/",2018-06-29,2019,2018-08-27,0000202058-18-000063,9839000000,2223000000.0,288000000.0,,925000000.0,,900000000.0,239000000.0,1788000000.0,3322000000,718000000,5372000000.0,989000000.0,,7616000000.0,4729000000.0,
LHX,"L3HARRIS TECHNOLOGIES, INC. /DE/",2019-06-28,2020,2019-08-22,0000202058-19-000090,10117000000,2578000000.0,530000000.0,,360000000.0,,894000000.0,262000000.0,2268000000.0,3363000000,949000000,5340000000.0,870000000.0,,7539000000.0,4486000000.0,
LHX,"L3HARRIS TECHNOLOGIES, INC. /DE/",2021-01-01,2021,2021-03-01,0000202058-21-000008,36960000000,6667000000.0,1276000000.0,1344000000.0,973000000.0,,2102000000.0,522000000.0,4240000000.0,20724000000,1119000000,18876000000.0,7908000000.0,,30293000000.0,11879000000.0,
LHX,"L3HARRIS TECHNOLOGIES, INC. /DE/",2021-12-31,2022,2022-02-25,0000202058-22-000015,34709000000,6359000000.0,941000000.0,1045000000.0,982000000.0,,,566000000.0,4551000000.0,19213000000,1846000000,18189000000.0,6640000000.0,,28350000000.0,10839000000.0,
LHX,"L3HARRIS TECHNOLOGIES, INC. /DE/",2022-12-30,2023,2023-02-24,0000202058-23-000014,33524000000,6754000000.0,880000000.0,1251000000.0,1291000000.0,,,553000000.0,5776000000.0,18523000000,1062000000,17283000000.0,6001000000.0,,26770000000.0,9124000000.0,
LHX,"L3HARRIS TECHNOLOGIES, INC. /DE/",2023-12-29,2024,2024-02-20,0000202058-24-000029,41687000000,8055000000.0,560000000.0,1230000000.0,1472000000.0,,,2160000000.0,8004000000.0,18765000000,1227000000,19979000000.0,8540000000.0,22858000000.0,,,
LHX,"L3HARRIS TECHNOLOGIES, INC. /DE/",2025-01-03,2025,2025-02-14,0000202058-25-000023,42001000000,8218000000.0,615000000.0,1072000000.0,1330000000.0,,,2893000000.0,7633000000.0,19514000000,1502000000,20325000000.0,7639000000.0,22422000000.0,,,
LMT,LOCKHEED MARTIN CORP,2010-12-31,2010,2011-02-25,0001193125-11-045739,35067000000,12851000000.0,2261000000.0,,2378000000.0,,4554000000.0,4575000000.0,11157000000.0,3708000000,2926000000,9605000000.0,,31359000000.0,,,
LMT,LOCKHEED MARTIN CORP,2011-12-31,2011,2012-02-23,0001193125-12-074929,37908000000,14094000000.0,3582000000.0,,2481000000.0,,4611000000.0,4667000000.0,12130000000.0,1001000000,2655000000,10148000000.0,,36907000000.0,,,
LMT,LOCKHEED MARTIN CORP,2012-12-31,2012,2013-02-28,0001193125-13-082873,38657000000,13855000000.0,1898000000.0,,,,4675000000.0,4948000000.0,12155000000.0,39000000,2745000000,10370000000.0,,38618000000.0,,,
LMT,LOCKHEED MARTIN CORP,2013-12-31,2013,2014-02-14,0001193125-14-055034,36188000000,13329000000.0,2617000000.0,,,,4706000000.0,4955000000.0,11120000000.0,4918000000,2981000000,10348000000.0,,31270000000.0,,,
LMT,LOCKHEED MARTIN CORP,2014-12-31,2014,2015-02-09,0001193125-15-038681,37073000000,12329000000.0,1446000000.0,,,,4755000000.0,5114000000.0,11112000000.0,3400000000,3614000000,10862000000.0,,33673000000.0,,,
LMT,LOCKHEED MARTIN CORP,2015-12-31,2015,2016-02-24,0001193125-16-476010,49128000000,16198000000.0,1090000000.0,,,,5490000000.0,5247000000.0,14057000000.0,3097000000,3605000000,13576000000.0,4147000000.0,46031000000.0,,,
LMT,LOCKHEED MARTIN CORP,2016-12-31,2016,2017-02-09,0001193125-17-036192,47806000000,15108000000.0,1837000000.0,,,,5549000000.0,5667000000.0,12542000000.0,1511000000,5302000000,10764000000.0,4093000000.0,46200000000.0,,,
LMT,LOCKHEED MARTIN CORP,2017-12-31,2017,2018-02-16,0000936468-18-000013,46521000000,17461000000.0,2861000000.0,,,,5775000000.0,5570000000.0,12637000000.0,-683000000,2002000000,10807000000.0,3797000000.0,47130000000.0,,,
LMT,LOCKHEED MARTIN CORP,2018-12-31,2018,2019-02-08,0000936468-19-000009,44876000000,16103000000.0,772000000.0,,2997000000.0,,6124000000.0,5178000000.0,14398000000.0,1394000000,5046000000,10769000000.0,3494000000.0,43427000000.0,,,
LMT,LOCKHEED MARTIN CORP,2019-12-31,2019,2020-02-07,0000936468-20-000016,47528000000,17095000000.0,1514000000.0,,3619000000.0,,6591000000.0,6706000000.0,13972000000.0,3127000000,6230000000,10604000000.0,3213000000.0,44357000000.0,,,
LMT,LOCKHEED MARTIN CORP,2020-12-31,2020,2021-01-28,0000936468-21-000013,50710000000,19378000000.0,3160000000.0,,3545000000.0,,7213000000.0,6826000000.0,13933000000.0,6015000000,6833000000,10806000000.0,3012000000.0,44672000000.0,,,
LMT,LOCKHEED MARTIN CORP,2021-12-31,2021,2022-01-25,0000936468-22-000008,50873000000,19815000000.0,3604000000.0,,2981000000.0,,7597000000.0,7652000000.0,13997000000.0,10959000000,6315000000,10813000000.0,2706000000.0,39914000000.0,,,
LMT,LOCKHEED MARTIN CORP,2022-12-31,2022,2023-01-26,0000936468-23-000009,52880000000,20991000000.0,2547000000.0,,3088000000.0,,7975000000.0,6931000000.0,15887000000.0,9266000000,5732000000,10780000000.0,2459000000.0,43614000000.0,,,
LMT,LOCKHEED MARTIN CORP,2023-12-31,2023,2024-01-23,0000936468-24-000010,52456000000,20521000000.0,1442000000.0,,3132000000.0,,8370000000.0,7601000000.0,16937000000.0,6835000000,6920000000,10799000000.0,2212000000.0,45621000000.0,,,
LMT,LOCKHEED MARTIN CORP,2024-12-31,2024,2025-01-28,0000936468-25-000009,55617000000,21849000000.0,2483000000.0,,3474000000.0,,8726000000.0,8403000000.0,19420000000.0,6333000000,5336000000,11067000000.0,2015000000.0,49284000000.0,,,
MRCY,MERCURY SYSTEMS INC,2012-06-30,2012,2012-08-22,0001193125-12-365283,385606000,207703000.0,115964000.0,38532000.0,25845000.0,6206000.0,15929000.0,989000.0,36942000.0,333104000,22619000,132621000.0,25083000.0,52502000.0,,,
MRCY,MERCURY SYSTEMS INC,2013-06-30,2013,2013-08-16,0001049521-13-000008,374431000,146301000.0,39126000.0,30498000.0,37432000.0,7461000.0,15019000.0,1178000.0,30818000.0,328501000,-13208000,176521000.0,34866000.0,45930000.0,,,
MRCY,MERCURY SYSTEMS INC,2014-06-30,2014,2014-08-14,0001049521-14-000020,373712000,160305000.0,47287000.0,37625000.0,31655000.0,3631000.0,14144000.0,987000.0,32930000.0,327147000,-11425000,168146000.0,25006000.0,46565000.0,,,
MRCY,MERCURY SYSTEMS INC,2015-06-30,2015,2015-08-13,0001049521-15-000038,389988000,188164000.0,77586000.0,31765000.0,31960000.0,8678000.0,13226000.0,2190000.0,33285000.0,350138000,10369000,168146000.0,17998000.0,39850000.0,,,
MRCY,MERCURY SYSTEMS INC,2016-06-30,2016,2016-08-16,0001049521-16-000094,736496000,245392000.0,81691000.0,73427000.0,58284000.0,6122000.0,28337000.0,1803000.0,67644000.0,473044000,19742000,344027000.0,116673000.0,263452000.0,,,
MRCY,MERCURY SYSTEMS INC,2017-06-30,2017,2017-08-18,0001049521-17-000048,815745000,246196000.0,41637000.0,76341000.0,81071000.0,8381000.0,51643000.0,8023000.0,72845000.0,725417000,24875000,380846000.0,129037000.0,90328000.0,,,
MRCY,MERCURY SYSTEMS INC,2018-06-30,2018,2018-08-16,0001049521-18-000030,1064480000,331743000.0,66521000.0,104040000.0,108585000.0,9062000.0,50980000.0,6411000.0,71680000.0,771891000,40883000,497442000.0,177904000.0,292589000.0,,,
MRCY,MERCURY SYSTEMS INC,2019-06-30,2019,2019-08-15,0001049521-19-000033,1416977000,582172000.0,257932000.0,118832000.0,137112000.0,10819000.0,60001000.0,6534000.0,98032000.0,1284739000,46775000,562146000.0,206124000.0,132238000.0,,,
MRCY,MERCURY SYSTEMS INC,2020-07-03,2021,2020-08-18,0001049521-20-000034,1610720000,634769000.0,226838000.0,120438000.0,178093000.0,16613000.0,87737000.0,4777000.0,125915000.0,1384784000,85712000,614076000.0,208748000.0,225936000.0,,,
MRCY,MERCURY SYSTEMS INC,2021-07-02,2022,2021-08-17,0001049521-21-000032,1955137000,643100000.0,113839000.0,128807000.0,221640000.0,15111000.0,128524000.0,4675000.0,150823000.0,1484146000,62044000,804906000.0,307559000.0,470991000.0,,,
MRCY,MERCURY SYSTEMS INC,2022-07-01,2023,2022-08-16,0001049521-22-000046,2304415000,815252000.0,65654000.0,144494000.0,270339000.0,23906000.0,127191000.0,6188000.0,193927000.0,1537185000,11275000,937880000.0,351538000.0,767230000.0,,,
MRCY,MERCURY SYSTEMS INC,2023-06-30,2023,2023-08-15,0001049521-23-000031,2391367000,937018000.0,71563000.0,124729000.0,337216000.0,20952000.0,119554000.0,8537000.0,233264000.0,1566685000,-28335000,938093000.0,298051000.0,824682000.0,,,
MRCY,MERCURY SYSTEMS INC,2024-06-28,2024,2024-08-13,0001049521-24-000029,2378905000,953784000.0,180521000.0,111441000.0,335300000.0,22493000.0,110353000.0,6691000.0,234416000.0,1472775000,-137640000,938093000.0,250512000.0,906130000.0,,,
MRCY,MERCURY SYSTEMS INC,2025-06-27,2025,2025-08-11,0001049521-25-000024,2434764000,1058178000.0,309099000.0,109588000.0,332920000.0,27639000.0,101440000.0,5162000.0,300377000.0,1473461000,-37904000,938093000.0,210611000.0,961303000.0,,,
NOC,NORTHROP GRUMMAN CORP /DE/,2009-12-31,2009,2010-02-09,0000950123-10-010126,30252000000,8635000000.0,3275000000.0,,,,4868000000.0,1049000000.0,6985000000.0,12687000000,1686000000,13517000000.0,873000000.0,17565000000.0,16749000000.0,,
NOC,NORTHROP GRUMMAN CORP /DE/,2010-12-31,2010,2011-02-09,0000950123-11-010835,31421000000,9904000000.0,3701000000.0,,,,5042000000.0,1117000000.0,8386000000.0,13557000000,2053000000,13517000000.0,779000000.0,17864000000.0,16475000000.0,,
NOC,NORTHROP GRUMMAN CORP /DE/,2011-12-31,2011,2012-02-08,0001193125-12-045323,25411000000,7746000000.0,3002000000.0,,,,3047000000.0,14618000000.0,6135000000.0,10336000000,2118000000,12374000000.0,155000000.0,15075000000.0,,,
NOC,NORTHROP GRUMMAN CORP /DE/,2012-12-31,2012,2013-02-05,0001133421-13-000007,26543000000,8392000000.0,3862000000.0,,,,2887000000.0,1291000000.0,6056000000.0,9514000000,1978000000,12431000000.0,,17029000000.0,,,
NOC,NORTHROP GRUMMAN CORP /DE/,2013-12-31,2013,2014-02-03,0001133421-14-000006,26381000000,9488000000.0,5150000000.0,,,,2806000000.0,1440000000.0,5815000000.0,10620000000,1952000000,12438000000.0,,15761000000.0,,,
NOC,NORTHROP GRUMMAN CORP /DE/,2014-12-31,2014,2015-02-02,0001133421-15-000008,26572000000,8184000000.0,3863000000.0,,,,2991000000.0,1309000000.0,5892000000.0,7235000000,2069000000,12466000000.0,,19337000000.0,,,
NOC,NORTHROP GRUMMAN CORP /DE/,2015-12-31,2015,2016-02-01,0001133421-16-000065,24454000000,6334000000.0,2319000000.0,,807000000.0,,3064000000.0,1187000000.0,5457000000.0,5522000000,1990000000,12460000000.0,,18932000000.0,,,
NOC,NORTHROP GRUMMAN CORP /DE/,2016-12-31,2016,2017-01-30,0001133421-17-000008,25614000000,6856000000.0,2541000000.0,,816000000.0,,3588000000.0,1258000000.0,5630000000.0,5259000000,2200000000,12450000000.0,,20355000000.0,,,
NOC,NORTHROP GRUMMAN CORP /DE/,2017-12-31,2017,2018-01-29,0001133421-18-000005,34917000000,16349000000.0,11225000000.0,,780000000.0,,4225000000.0,1413000000.0,6965000000.0,7048000000,2015000000,12455000000.0,,27869000000.0,,,
NOC,NORTHROP GRUMMAN CORP /DE/,2018-12-31,2018,2019-01-31,0001133421-19-000007,37653000000,9680000000.0,1579000000.0,1448000000.0,654000000.0,,6372000000.0,1463000000.0,8274000000.0,8187000000,3229000000,18672000000.0,1372000000.0,29466000000.0,,,335000000.0
NOC,NORTHROP GRUMMAN CORP /DE/,2019-12-31,2019,2020-01-30,0001133421-20-000006,41089000000,10685000000.0,2245000000.0,1326000000.0,783000000.0,,6912000000.0,1725000000.0,9434000000.0,8819000000,2248000000,18708000000.0,1040000000.0,32270000000.0,,,382000000.0
NOC,NORTHROP GRUMMAN CORP /DE/,2020-12-31,2020,2021-01-28,0001133421-21-000006,44469000000,15344000000.0,4907000000.0,1501000000.0,759000000.0,,7071000000.0,1909000000.0,9580000000.0,10579000000,3189000000,17518000000.0,783000000.0,33890000000.0,,,396000000.0
NOC,NORTHROP GRUMMAN CORP /DE/,2021-12-31,2021,2022-01-27,0001133421-22-000004,42579000000,12426000000.0,3530000000.0,1467000000.0,811000000.0,,7894000000.0,2311000000.0,9530000000.0,12926000000,7005000000,17515000000.0,578000000.0,29653000000.0,,,418000000.0
NOC,NORTHROP GRUMMAN CORP /DE/,2022-12-31,2022,2023-01-26,0001133421-23-000006,43755000000,12488000000.0,2577000000.0,1511000000.0,978000000.0,,8800000000.0,2594000000.0,11587000000.0,15312000000,4896000000,17516000000.0,384000000.0,28443000000.0,,,332000000.0
NOC,NORTHROP GRUMMAN CORP /DE/,2023-12-31,2023,2024-01-25,0001133421-24-000006,46544000000,13706000000.0,3109000000.0,1454000000.0,1109000000.0,,9653000000.0,2525000000.0,11942000000.0,14795000000,2056000000,17517000000.0,305000000.0,31749000000.0,,,339000000.0
NOC,NORTHROP GRUMMAN CORP /DE/,2024-12-31,2024,2025-01-30,0001133421-25-000006,49359000000,14274000000.0,,1272000000.0,1455000000.0,,10536000000.0,1230000000.0,14128000000.0,15290000000,4174000000,17512000000.0,254000000.0,34069000000.0,,,347000000.0
PSN,PARSONS CORP,2019-12-31,2019,2020-03-10,0001564590-20-009791,3450368000,1526409000.0,182688000.0,671492000.0,,84454000.0,122751000.0,61489000.0,1144382000.0,1629890000,120534000,1047425000.0,259858000.0,1789612000.0,,,
PSN,PARSONS CORP,2020-12-31,2020,2021-02-24,0001564590-21-007800,3937704000,1843130000.0,483609000.0,698578000.0,,80769000.0,121027000.0,56038000.0,1187409000.0,1813772000,98541000,1261978000.0,245958000.0,2076287000.0,,,
PSN,PARSONS CORP,2021-12-31,2021,2022-02-23,0001564590-22-006026,3830940000,1632351000.0,342608000.0,598311000.0,,110941000.0,104196000.0,46129000.0,1030784000.0,1900768000,64072000,1412690000.0,207821000.0,1893828000.0,,,
PSN,PARSONS CORP,2022-12-31,2022,2023-02-17,0001564590-23-002040,4198142000,1719783000.0,262539000.0,717345000.0,,105866000.0,96050000.0,66108000.0,1108119000.0,2043570000,96664000,1661850000.0,254127000.0,2102207000.0,,,
PSN,PARSONS CORP,2023-12-31,2023,2024-02-14,0000950170-24-014927,4804061000,2137526000.0,272943000.0,915638000.0,,191430000.0,98957000.0,71770000.0,1410884000.0,2287211000,161149000,1792665000.0,275566000.0,2427346000.0,,,
PSN,PARSONS CORP,2024-12-31,2024,2025-02-19,0000950170-25-022754,5487962000,2462400000.0,453548000.0,1100396000.0,,166952000.0,111575000.0,56113000.0,1915644000.0,2416389000,235053000,2082680000.0,349937000.0,2953473000.0,,,
RTX,RTX Corp,2009-12-31,2009,2010-02-11,0001193125-10-027861,55762000000,23194000000.0,,,,,6364000000.0,3219000000.0,17913000000.0,20066000000,3829000000,16298000000.0,3538000000.0,34374000000.0,,,
RTX,RTX Corp,2010-12-31,2010,2011-02-10,0001193125-11-029695,58493000000,23510000000.0,,,7766000000.0,,6280000000.0,3834000000.0,17732000000.0,21385000000,4373000000,17721000000.0,4060000000.0,35844000000.0,,,
RTX,RTX Corp,2011-12-31,2011,2012-02-09,0001193125-12-047752,61452000000,25758000000.0,,,7797000000.0,,6201000000.0,4210000000.0,18616000000.0,21880000000,4979000000,17943000000.0,3918000000.0,38274000000.0,,,
RTX,RTX Corp,2012-12-31,2012,2013-02-07,0001193125-13-042195,89409000000,29610000000.0,,,9537000000.0,,8518000000.0,5542000000.0,23786000000.0,25914000000,5130000000,27801000000.0,15189000000.0,62102000000.0,,,
RTX,RTX Corp,2013-12-31,2013,2014-02-06,0000101829-14-000006,90594000000,29442000000.0,,,10330000000.0,,8866000000.0,6205000000.0,22800000000.0,31866000000,5721000000,28168000000.0,15521000000.0,57264000000.0,,,
RTX,RTX Corp,2014-12-31,2014,2015-02-05,0000101829-15-000005,91289000000,29758000000.0,,,9865000000.0,,9276000000.0,6427000000.0,22895000000.0,31213000000,6220000000,27796000000.0,15560000000.0,58585000000.0,,,
RTX,RTX Corp,2015-12-31,2015,2016-02-11,0000101829-16-000050,87484000000,26706000000.0,7075000000.0,,8135000000.0,,8732000000.0,6163000000.0,22618000000.0,27358000000,7608000000,27301000000.0,15603000000.0,58518000000.0,,,
RTX,RTX Corp,2016-12-31,2016,2017-02-09,0000101829-17-000007,89706000000,28550000000.0,7157000000.0,,8704000000.0,,9158000000.0,6048000000.0,21906000000.0,27579000000,5055000000,27059000000.0,15684000000.0,60241000000.0,,,
RTX,RTX Corp,2017-12-31,2017,2018-02-09,0000101829-18-000005,96920000000,32858000000.0,8985000000.0,,9881000000.0,,10186000000.0,5988000000.0,24391000000.0,29610000000,4552000000,27910000000.0,15883000000.0,65368000000.0,,,
RTX,RTX Corp,2018-12-31,2018,2019-02-07,0000101829-19-000007,134211000000,35503000000.0,6152000000.0,,10083000000.0,,12297000000.0,7206000000.0,31368000000.0,38446000000,5269000000,48112000000.0,26424000000.0,93492000000.0,,,
RTX,RTX Corp,2019-12-31,2019,2020-02-06,0000101829-20-000013,139716000000,37497000000.0,7378000000.0,,10950000000.0,,12755000000.0,7668000000.0,34586000000.0,41774000000,5537000000,48063000000.0,26046000000.0,,,,
RTX,RTX Corp,2020-12-31,2020,2021-02-08,0000101829-21-000008,162153000000,43376000000.0,8802000000.0,,9411000000.0,,14962000000.0,3967000000.0,35848000000.0,72163000000,-3519000000,54285000000.0,40539000000.0,88269000000.0,,,
RTX,RTX Corp,2021-12-31,2021,2022-02-11,0000101829-22-000005,161404000000,42050000000.0,7832000000.0,,9178000000.0,,14972000000.0,6624000000.0,35449000000.0,73068000000,3864000000,54436000000.0,38516000000.0,86705000000.0,,,
RTX,RTX Corp,2022-12-31,2022,2023-02-07,0000101829-23-000009,158864000000,42443000000.0,6220000000.0,,10617000000.0,,15170000000.0,6156000000.0,39114000000.0,72632000000,5197000000,53840000000.0,36823000000.0,84650000000.0,,,
RTX,RTX Corp,2023-12-31,2023,2024-02-05,0000101829-24-000008,161869000000,48417000000.0,6587000000.0,,11777000000.0,,15748000000.0,4576000000.0,46761000000.0,59798000000,3195000000,53699000000.0,35399000000.0,100424000000.0,,,
RTX,RTX Corp,2024-12-31,2024,2025-02-03,0000101829-25-000005,162861000000,51133000000.0,5578000000.0,,12768000000.0,,16089000000.0,5297000000.0,51499000000.0,60156000000,4774000000,52789000000.0,33443000000.0,100903000000.0,,,
TDG,TransDigm Group INC,2010-09-30,2010,2010-11-15,0001193125-10-260837,2677818000,583508000.0,234112000.0,134461000.0,188756000.0,,99613000.0,3990000.0,113012000.0,592979000,163445000,1571664000.0,212838000.0,2084839000.0,,,
TDG,TransDigm Group INC,2011-09-30,2011,2011-11-18,0001193125-11-316657,4513636000,870292000.0,376183000.0,189293000.0,265317000.0,,150800000.0,9424000.0,206859000.0,810949000,172134000,2595747000.0,483424000.0,3702687000.0,,,
TDG,TransDigm Group INC,2012-09-30,2012,2012-11-16,0001193125-12-473908,5459617000,1050531000.0,440524000.0,235783000.0,320503000.0,24587000.0,172737000.0,15047000.0,233915000.0,1218834000,324969000,3035502000.0,655996000.0,4240783000.0,,,
TDG,TransDigm Group INC,2013-09-30,2013,2013-11-15,0001193125-13-443394,6148879000,1320495000.0,564740000.0,290449000.0,413581000.0,21543000.0,208964000.0,13355000.0,322500000.0,-336381000,302789000,3343907000.0,703800000.0,6485260000.0,,,
TDG,TransDigm Group INC,2014-09-30,2014,2014-11-14,0001193125-14-412880,6756848000,1689576000.0,819548000.0,351307000.0,459074000.0,21978000.0,212108000.0,20541000.0,585907000.0,-1556099000,306910000,3525077000.0,,8312947000.0,,,
TDG,TransDigm Group INC,2015-09-30,2015,2015-11-13,0001260221-15-000013,8427050000,1831962000.0,714033000.0,444072000.0,591401000.0,37081000.0,260684000.0,108333000.0,658215000.0,-1038306000,447212000,4686220000.0,1539851000.0,9465356000.0,,,
TDG,TransDigm Group INC,2016-09-30,2016,2016-11-15,0001260221-16-000107,10726277000,2930697000.0,1586994000.0,576339000.0,724011000.0,43353000.0,310580000.0,41205000.0,752603000.0,-651490000,586414000,5679452000.0,1764343000.0,11377767000.0,,,
TDG,TransDigm Group INC,2017-09-30,2017,2017-11-13,0001260221-17-000060,9975661000,2133552000.0,650561000.0,636127000.0,730681000.0,38683000.0,324924000.0,53985000.0,870994000.0,-2951204000,596887000,5745338000.0,1717862000.0,12926865000.0,,,
TDG,TransDigm Group INC,2018-09-30,2018,2018-11-09,0001260221-18-000070,12197467000,3657287000.0,2073017000.0,704310000.0,805292000.0,74668000.0,388333000.0,42867000.0,900382000.0,-1808471000,957062000,6223290000.0,1788404000.0,14005938000.0,,,
TDG,TransDigm Group INC,2019-09-30,2019,2019-11-19,0001260221-19-000043,16254731000,4865247000.0,1467486000.0,1067603000.0,1232649000.0,135380000.0,756757000.0,68804000.0,1538756000.0,-2894905000,889770000,7820103000.0,2743820000.0,19139814000.0,,,
TDG,TransDigm Group INC,2020-09-30,2020,2020-11-12,0001260221-20-000099,18395000000,6960000000.0,4717000000.0,720000000.0,1283000000.0,240000000.0,752000000.0,167000000.0,1616000000.0,-3972000000,699000000,7889000000.0,2610000000.0,22363000000.0,,,
TDG,TransDigm Group INC,2021-09-30,2021,2021-11-16,0001260221-21-000134,19315000000,7030000000.0,4787000000.0,791000000.0,1185000000.0,267000000.0,770000000.0,156000000.0,1663000000.0,-2916000000,680000000,8568000000.0,2791000000.0,22225000000.0,,,
TDG,TransDigm Group INC,2022-09-30,2022,2022-11-10,0001260221-22-000065,18107000000,5649000000.0,3001000000.0,967000000.0,1332000000.0,349000000.0,807000000.0,260000000.0,1426000000.0,-3773000000,866000000,8641000000.0,2750000000.0,21873000000.0,,,
TDG,TransDigm Group INC,2023-09-30,2023,2023-11-09,0001260221-23-000081,19970000000,6738000000.0,3472000000.0,1230000000.0,1616000000.0,420000000.0,1255000000.0,242000000.0,1579000000.0,-1984000000,1298000000,8988000000.0,2747000000.0,21948000000.0,,,
TDG,TransDigm Group INC,2024-09-30,2024,2024-11-07,0001260221-24-000083,25586000000,10029000000.0,6261000000.0,1381000000.0,1876000000.0,511000000.0,1488000000.0,204000000.0,6339000000.0,-6290000000,1714000000,10419000000.0,3446000000.0,31869000000.0,,,
TDG,TransDigm Group INC,2025-09-30,2025,2025-11-12,0001260221-25-000081,22909000000,7012000000.0,2808000000.0,1617000000.0,2095000000.0,492000000.0,1579000000.0,252000000.0,2182000000.0,-9686000000,2074000000,10612000000.0,3454000000.0,32588000000.0,,,
TXT,TEXTRON INC,2011-01-01,2011,2011-03-01,0000950123-11-020392,15282000000,,931000000.0,,,,,,,2972000000,86000000,,,12310000000.0,,,
TXT,TEXTRON INC,2011-12-31,2012,2012-02-23,0001193125-12-074981,13615000000,,885000000.0,,2402000000.0,,2005000000.0,,,2745000000,242000000,,,10870000000.0,,,
TXT,TEXTRON INC,2012-12-29,2013,2013-02-15,0001104659-13-011048,13033000000,,1413000000.0,,2712000000.0,,2149000000.0,,,2991000000,589000000,,,10042000000.0,,,
TXT,TEXTRON INC,2013-12-28,2014,2014-02-14,0001104659-14-009908,12944000000,,1211000000.0,,2963000000.0,,,,,4384000000,498000000,,,8560000000.0,,,
TXT,TEXTRON INC,2015-01-03,2015,2015-02-25,0001104659-15-013784,14605000000,,822000000.0,,3928000000.0,,2497000000.0,,,4272000000,600000000,,833000000.0,10333000000.0,,,
TXT,TEXTRON INC,2016-01-02,2016,2016-02-24,0001104659-16-099562,14708000000,,1005000000.0,,4144000000.0,,2492000000.0,,,4964000000,697000000,,783000000.0,9744000000.0,,,
TXT,TEXTRON INC,2016-12-31,2017,2017-02-22,0001104659-17-010809,15358000000,,1298000000.0,,4464000000.0,,2581000000.0,,,5574000000,962000000,,767000000.0,9784000000.0,,,
TXT,TEXTRON INC,2017-12-30,2018,2018-02-15,0001104659-18-009905,15340000000,,1262000000.0,,4150000000.0,,2721000000.0,,,5647000000,307000000,,765000000.0,9693000000.0,,,
TXT,TEXTRON INC,2018-12-29,2019,2019-02-14,0001104659-19-008151,14264000000,,,,3818000000.0,,2615000000.0,,,5192000000,1222000000,,658000000.0,9072000000.0,,,
TXT,TEXTRON INC,2020-01-04,2020,2020-02-25,0001104659-20-024773,15018000000,,,,4069000000.0,,2527000000.0,,,5518000000,815000000,,589000000.0,9500000000.0,,,
TXT,TEXTRON INC,2021-01-02,2021,2021-02-19,0000217346-21-000019,15443000000,,,,3513000000.0,,2516000000.0,,,5845000000,309000000,,489000000.0,9598000000.0,,,
TXT,TEXTRON INC,2022-01-01,2022,2022-02-17,0000217346-22-000005,15827000000,,,,3468000000.0,,2538000000.0,,,6815000000,746000000,,438000000.0,9012000000.0,,,
TXT,TEXTRON INC,2022-12-31,2023,2023-02-16,0000217346-23-000006,16293000000,,,,3550000000.0,,2523000000.0,,,7113000000,861000000,,461000000.0,9180000000.0,,,
TXT,TEXTRON INC,2023-12-30,2024,2024-02-12,0000217346-24-000017,16856000000,,,,3914000000.0,,2477000000.0,,,6987000000,921000000,,399000000.0,9869000000.0,,,
TXT,TEXTRON INC,2024-12-28,2025,2025-02-06,0000217346-25-000017,16838000000,,,,4071000000.0,,,,,7204000000,824000000,,362000000.0,9634000000.0,,,
